{
  "grass": {
    "id": {"position": "position","rotation": "rotation"},
    "1": {"pos": "157 118 79.5625","rot": {"x":0,"y":0, "z":1, "w":70} },
    "2": {"pos": "189 118 79.5625","rot": {"x":0,"y":0, "z":-1, "w":70} },
    "3": {"pos": "157 113 79.5625","rot": {"x":0,"y":0, "z":1, "w":70} },
    "4": {"pos": "189 113 79.5625","rot": {"x":0,"y":0, "z":-1, "w":70} },
    "5": {"pos": "157 123 79.5625","rot": {"x":0,"y":0, "z":1, "w":70} },
    "6": {"pos": "189 123 79.5625","rot": {"x":0,"y":0, "z":-1, "w":70} },
    "7": {"pos": "157 108 79.5625","rot": {"x":0,"y":0, "z":1, "w":70} },
    "8": {"pos": "189 108 79.5625","rot": {"x":0,"y":0, "z":-1, "w":70} },
    "9": {"pos": "157 128 79.5625","rot": {"x":0,"y":0, "z":1, "w":70} },
    "10": {"pos": "189 128 79.5625","rot": {"x":0,"y":0, "z":-1, "w":70} },
    "11": {"pos": "157 103 79.5625","rot": {"x":0,"y":0, "z":1, "w":70} },
    "12": {"pos": "189 103 79.5625","rot": {"x":0,"y":0, "z":-1, "w":70} },
    "13": {"pos": "157 133 79.5625","rot": {"x":0,"y":0, "z":1, "w":70} },
    "14": {"pos": "189 133 79.5625","rot": {"x":0,"y":0, "z":-1, "w":70} },
    "15": {"pos": "157 100 79.5625","rot": {"x":0,"y":0, "z":1, "w":70} },
    "16": {"pos": "189 100 79.5625","rot": {"x":0,"y":0, "z":-1, "w":70} },
    "17": {"pos": "157 138 79.5625","rot": {"x":0,"y":0, "z":1, "w":70} },
    "18": {"pos": "189 138 79.5625","rot": {"x":0,"y":0, "z":-1, "w":70} }
  },
   "concrete": {
    "id": {"position": "position","rotation": "rotation"},
    "1": {"pos": "24.68 145.9 79.5625","rot": {"x":0,"y":0, "z":1, "w":200} },
    "2": {"pos": "24.68 113.278 79.5625","rot": {"x":0,"y":0, "z":-1, "w":20} },
    "3": {"pos": "19.68 145.9 79.5625","rot": {"x":0,"y":0, "z":1, "w":200} },
    "4": {"pos": "19.68 113.278 79.5625","rot": {"x":0,"y":0, "z":-1, "w":20} },
    "5": {"pos": "29.68 145.9 79.5625","rot": {"x":0,"y":0, "z":1, "w":200} },
    "6": {"pos": "29.68 113.278 79.5625","rot": {"x":0,"y":0, "z":-1, "w":20} },
    "7": {"pos": "14.68 145.9 79.5625","rot": {"x":0,"y":0, "z":1, "w":200} },
    "8": {"pos": "14.68 113.278 79.5625","rot": {"x":0,"y":0, "z":-1, "w":20} },
    "9": {"pos": "34.68 145.9 79.5625","rot": {"x":0,"y":0, "z":1, "w":200} },
    "10": {"pos": "34.68 113.278 79.5625","rot": {"x":0,"y":0, "z":-1, "w":20} },
    "11": {"pos": "9.68 145.9 79.5625","rot": {"x":0,"y":0, "z":1, "w":200} },
    "12": {"pos": "9.68 113.278 79.5625","rot": {"x":0,"y":0, "z":-1, "w":20} },
    "13": {"pos": "39.68 145.9 79.5625","rot": {"x":0,"y":0, "z":1, "w":200} },
    "14": {"pos": "39.68 113.278 79.5625","rot": {"x":0,"y":0, "z":-1, "w":20} },
    "15": {"pos": "4.68 145.9 79.5625","rot": {"x":0,"y":0, "z":1, "w":200} },
    "16": {"pos": "4.68 113.278 79.5625","rot": {"x":0,"y":0, "z":-1, "w":20} },
    "17": {"pos": "44.68 145.9 79.5625","rot": {"x":0,"y":0, "z":1, "w":200} },
    "18": {"pos": "44.68 113.278 79.5625","rot": {"x":0,"y":0, "z":-1, "w":20} }
  },
  "mudpit": {
    "id": {"position": "position","rotation": "rotation"},
    "1": {"pos": "-98.60 5.27 79.576","rot": {"x":0,"y":0, "z":1, "w":180} },
    "2": {"pos": "-98.60 -54.97 79.576","rot": {"x":0,"y":0, "z":-1, "w":0} },
    "3": {"pos": "-93.60 5.27 79.576","rot": {"x":0,"y":0, "z":1, "w":180} },
    "4": {"pos": "-93.60 -54.97 79.576","rot": {"x":0,"y":0, "z":-1, "w":0} },
    "5": {"pos": "-103.60 5.27 79.576","rot": {"x":0,"y":0, "z":1, "w":180} },
    "6": {"pos": "-103.60 -54.97 79.576","rot": {"x":0,"y":0, "z":-1, "w":0} },
    "7": {"pos": "-88.60 5.27 79.576","rot": {"x":0,"y":0, "z":1, "w":180} },
    "8": {"pos": "-88.60 -54.97 79.576","rot": {"x":0,"y":0, "z":-1, "w":0} },
    "9": {"pos": "-107.60 5.27 79.576","rot": {"x":0,"y":0, "z":1, "w":180} },
    "10": {"pos": "-107.60 -54.97 79.576","rot": {"x":0,"y":0, "z":-1, "w":0} },
    "11": {"pos": "-83.60 5.27 79.576","rot": {"x":0,"y":0, "z":1, "w":180} },
    "12": {"pos": "-83.60 -54.97 79.576","rot": {"x":0,"y":0, "z":-1, "w":0} },
    "13": {"pos": "-112.60 5.27 79.576","rot": {"x":0,"y":0, "z":1, "w":180} },
    "14": {"pos": "-112.60 -54.97 79.576","rot": {"x":0,"y":0, "z":-1, "w":0} },
    "15": {"pos": "-78.60 5.27 79.576","rot": {"x":0,"y":0, "z":1, "w":180} },
    "16": {"pos": "-78.60 -54.97 79.576","rot": {"x":0,"y":0, "z":-1, "w":0} },
    "17": {"pos": "-117.60 5.27 79.576","rot": {"x":0,"y":0, "z":1, "w":180} },
    "18": {"pos": "-117.60 -54.97 79.576","rot": {"x":0,"y":0, "z":-1, "w":0} }
  },
  "freefall": {
    "id": {"position": "position","rotation": "rotation"},
    "1": {"pos": "158.563 -183.406 58.5164","rot": {"x":0,"y":0, "z":1, "w":0} },
    "2": {"pos": "158.563 -213.421 58.5164","rot": {"x":0,"y":0, "z":-1, "w":180} },
    "3": {"pos": "153.563 -183.406 58.5164","rot": {"x":0,"y":0, "z":1, "w":0} },
    "4": {"pos": "153.563 -213.421 58.5164","rot": {"x":0,"y":0, "z":-1, "w":180} },
    "5": {"pos": "163.563 -183.406 58.5164","rot": {"x":0,"y":0, "z":1, "w":0} },
    "6": {"pos": "163.563 -213.421 58.5164","rot": {"x":0,"y":0, "z":-1, "w":180} },
    "7": {"pos": "148.563 -183.406 58.5164","rot": {"x":0,"y":0, "z":1, "w":0} },
    "8": {"pos": "148.563 -213.421 58.5164","rot": {"x":0,"y":0, "z":-1, "w":180} },
    "9": {"pos": "168.563 -183.406 58.5164","rot": {"x":0,"y":0, "z":1, "w":0} },
    "10": {"pos": "168.563 -213.21 58.5164","rot": {"x":0,"y":0, "z":-1, "w":180} },
    "11": {"pos": "143.563 -183.406 58.5164","rot": {"x":0,"y":0, "z":1, "w":0} },
    "12": {"pos": "143.563 -213.421 58.5164","rot": {"x":0,"y":0, "z":-1, "w":180} },
    "13": {"pos": "173.563 -183.406 58.5164","rot": {"x":0,"y":0, "z":1, "w":0} },
    "14": {"pos": "173.563 -213.421 58.5164","rot": {"x":0,"y":0, "z":-1, "w":180} },
    "15": {"pos": "138.563 -183.406 58.5164","rot": {"x":0,"y":0, "z":1, "w":0} },
    "16": {"pos": "138.563 -213.421 58.5164","rot": {"x":0,"y":0, "z":-1, "w":180} },
    "17": {"pos": "178.563 -183.406 58.5164","rot": {"x":0,"y":0, "z":1, "w":0} },
    "18": {"pos": "178.563 -213.421 58.5164","rot": {"x":0,"y":0, "z":-1, "w":180} }
  },
 "ovalrace": {
    "id": {"position": "position","rotation": "rotation"},
    "1": {"pos": "117.246 -19.28 79.778","rot": {"x":1,"y":0, "z":0, "w":0} },
    "2": {"pos": "111.369 -19.38 80.7208","rot": {"x":1,"y":0, "z":0, "w":0} },
    "3": {"pos": "117.364 -28.3096 79.778","rot": {"x":1,"y":0, "z":0, "w":0} },
    "4": {"pos": "111.369 -28.3096 80.7208","rot": {"x":1,"y":0, "z":0, "w":0} },
    "5": {"pos": "117.246 -10.28 79.8998","rot": {"x":1,"y":0, "z":0, "w":0} },
    "6": {"pos": "111.369 -10.28 80.7208","rot": {"x":1,"y":0, "z":0, "w":0} },
    "7": {"pos": "117.246 -37.2902 79.8438","rot": {"x":1,"y":0, "z":0, "w":0} },
    "8": {"pos": "111.369 -37.2902 80.7208","rot": {"x":1,"y":0, "z":0, "w":0} },
    "9": {"pos": "119.522 -1.28466 80.1255","rot": {"x":0.11615,"y":-0.062, "z":0.77, "w":27.1174} },
    "10": {"pos": "114.07 -1.28466 81.2287","rot": {"x":0.11615,"y":-0.062, "z":0.77, "w":27.1174} },
    "11": {"pos": "117.246 -46.2902 79.9199","rot": {"x":1,"y":0, "z":0, "w":0} },
    "12": {"pos": "111.369 -46.2902 80.7208","rot": {"x":1,"y":0, "z":0, "w":0} },
    "13": {"pos": "123.889 8.248 80.78","rot": {"x":0,"y":0, "z":1, "w":25} },
    "14": {"pos": "118.336 8.248 80.7811","rot": {"x":0,"y":0, "z":1, "w":25} },
    "15": {"pos": "120.255 -57.0 79.9199","rot": {"x":-0.068,"y":-0.44, "z":-0.89498, "w":20} },
    "16": {"pos": "114 -60.466 80.4353","rot": {"x":0,"y":0, "z":-1, "w":15.295} },
    "17": {"pos": "128.239 11.8916 80.1033","rot": {"x":-0.021,"y":-0.375, "z":0.90, "w":57} },
    "18": {"pos": "125.563 17 81.166","rot": {"x":-0.20,"y":-0.375,"z":1, "w":57} }
  },
"fig8concrete": {
    "id": {"position": "position","rotation": "rotation"},
    "1": {"pos": "24.9441 129.315 79.3362","rot": {"x":0,"y":0, "z":-1, "w":35} },
    "2": {"pos": "22.0119 126.735 79.0099","rot": {"x":0,"y":0, "z":-1, "w":35} },
    "3": {"pos": "30.1424 121.443 79.3362","rot": {"x":0,"y":0, "z":-1, "w":35} },
    "4": {"pos": "27.18 118.766 79.3362","rot": {"x":0,"y":0, "z":-1, "w":35} },
    "5": {"pos": "19.4686 135.047 79.3362","rot": {"x":0,"y":0, "z":-1, "w": 35} },
    "6": {"pos": "16.2073 133.419 79.3362","rot": {"x":0,"y":0, "z":-1, "w":35} },
    "7": {"pos": "35.9292 115.397 79.3362","rot": {"x":0,"y":0, "z":-1, "w":63} },
    "8": {"pos": "34.0221 111.913 79.3362","rot": {"x":0,"y":0, "z":-1, "w":63} },
    "9": {"pos": "43.8482 118.217 79.3362","rot": {"x":0,"y":0, "z":1, "w":118} },
    "10": {"pos": "45.2817 113.97 79.3362","rot": {"x":0,"y":0, "z":-1, "w":118} },
    "11": {"pos": "15.8994 141.552 79.3362","rot": {"x":0,"y":0, "z":-1, "w":35} },
    "12": {"pos": "11.9882 138.969 79.3362","rot": {"x":0,"y":0, "z":-1, "w":35} },
    "13": {"pos": "47.5819 126.156 79.3362","rot": {"x":0,"y":0, "z":1, "w":180} },
    "14": {"pos": "51.4931 125.084 79.3362","rot": {"x":0,"y":0, "z":1, "w":180} },
    "15": {"pos": "4.883 141.832 79.3362","rot": {"x":0,"y":0, "z":-1, "w":63} },
    "16": {"pos": "9.878 145.552 79.3362","rot": {"x":0,"y":0, "z":-1, "w":63} },
    "17": {"pos": "47.5819 135.021 79.3362","rot": {"x":0,"y":0, "z":1, "w":180} },
    "18": {"pos": "51.4931 135.021 79.3362","rot": {"x":0,"y":0, "z":1, "w":180} }
  }
}