{
  "Grass": {
    "id": {"position": "position","rotation": "rotation"},
    "1": {"pos": {"x":157,"y":118,"z":79.5625},"rot": {"x":0,"y":0,"z":1,"w":115} },
    "2": {"pos": {"x":189,"y":118,"z":79.5625},"rot": {"x":0,"y":0,"z":-1,"w":115} },
    "3": {"pos": {"x":157,"y":113,"z":79.5625},"rot": {"x":0,"y":0,"z":1,"w":115} },
    "4": {"pos": {"x":189,"y":113,"z":79.5625},"rot": {"x":0,"y":0,"z":-1,"w":115} },
    "5": {"pos": {"x":157,"y":123,"z":79.5625},"rot": {"x":0,"y":0,"z":1,"w":115} },
    "6": {"pos": {"x":189,"y":123,"z":79.5625},"rot": {"x":0,"y":0,"z":-1,"w":115} },
    "7": {"pos": {"x":157,"y":108,"z":79.5625},"rot": {"x":0,"y":0,"z":1,"w":115} },
    "8": {"pos": {"x":189,"y":108,"z":79.5625},"rot": {"x":0,"y":0,"z":-1,"w":115} },
    "9": {"pos": {"x":157,"y":128,"z":79.5625},"rot": {"x":0,"y":0,"z":1,"w":115} },
    "10":{"pos": {"x":189,"y":128,"z":79.5625},"rot": {"x":0,"y":0,"z":-1,"w":115} },
    "11":{"pos": {"x":157,"y":103,"z":79.5625},"rot": {"x":0,"y":0,"z":1,"w":115} },
    "12":{"pos": {"x":189,"y":103,"z":79.5625},"rot": {"x":0,"y":0,"z":-1,"w":115} },
    "13":{"pos": {"x":157,"y":133,"z":79.5625},"rot": {"x":0,"y":0,"z":1,"w":115} },
    "14":{"pos": {"x":189,"y":133,"z":79.5625},"rot": {"x":0,"y":0,"z":-1,"w":115} },
    "15":{"pos": {"x":157,"y":100,"z":79.5625},"rot": {"x":0,"y":0,"z":1,"w":115} },
    "16":{"pos": {"x":189,"y":100,"z":79.5625},"rot": {"x":0,"y":0,"z":-1,"w":115} },
    "17":{"pos": {"x":157,"y":138,"z":79.5625},"rot": {"x":0,"y":0,"z":1,"w":115} },
    "18":{"pos": {"x":189,"y":138,"z":79.5625},"rot": {"x":0,"y":0,"z":-1,"w":115} }
  },
   "Concrete": {
    "id": {"position": "position","rotation": "rotation"},
    "1": {"pos": {"x":24.68,"y":145.9,"z":79.5625},"rot": {"x":0,"y":0,"z":1,"w":200} },
    "2": {"pos": {"x":24.68,"y":113.278,"z":79.5625},"rot": {"x":0,"y":0,"z":-1,"w":20} },
    "3": {"pos": {"x":19.68,"y":145.9,"z":79.5625},"rot": {"x":0,"y":0,"z":1,"w":200} },
    "4": {"pos": {"x":19.68,"y":113.278,"z":79.5625},"rot": {"x":0,"y":0,"z":-1,"w":20} },
    "5": {"pos": {"x":29.68,"y":145.9,"z":79.5625},"rot": {"x":0,"y":0,"z":1,"w":200} },
    "6": {"pos": {"x":29.68,"y":113.278,"z":79.5625},"rot": {"x":0,"y":0,"z":-1,"w":20} },
    "7": {"pos": {"x":14.68,"y":145.9,"z":79.5625},"rot": {"x":0,"y":0,"z":1,"w":200} },
    "8": {"pos": {"x":14.68,"y":113.278,"z":79.5625},"rot": {"x":0,"y":0,"z":-1,"w":20} },
    "9": {"pos": {"x":34.68,"y":145.9,"z":79.5625},"rot": {"x":0,"y":0,"z":1,"w":200} },
    "10":{"pos": {"x":34.68,"y":113.278,"z":79.5625},"rot": {"x":0,"y":0,"z":-1,"w":20} },
    "11":{"pos": {"x":9.68,"y":145.9,"z":79.5625},"rot": {"x":0,"y":0,"z":1,"w":200} },
    "12":{"pos": {"x":9.68,"y":113.278,"z":79.5625},"rot": {"x":0,"y":0,"z":-1,"w":20} },
    "13":{"pos": {"x":39.68,"y":145.9,"z":79.5625},"rot": {"x":0,"y":0,"z":1,"w":200} },
    "14":{"pos": {"x":39.68,"y":113.278,"z":79.5625},"rot": {"x":0,"y":0,"z":-1,"w":20} },
    "15":{"pos": {"x":4.68,"y":145.9,"z":79.5625},"rot": {"x":0,"y":0,"z":1,"w":200} },
    "16":{"pos": {"x":4.68,"y":113.278,"z":79.5625},"rot": {"x":0,"y":0,"z":-1,"w":20} },
    "17":{"pos": {"x":44.68,"y":145.9,"z":79.5625},"rot": {"x":0,"y":0,"z":1,"w":200} },
    "18":{"pos": {"x":44.68,"y":113.278,"z":79.5625},"rot": {"x":0,"y":0,"z":-1,"w":20} }
  },
  "Varied Ground": {
    "id": {"position": "position","rotation": "rotation"},
    "1": {"pos": {"x":-98.60,"y":5.27,"z":79.5625},"rot": {"x":0,"y":0,"z":1,"w":180} },
    "2": {"pos": {"x":-98.60,"y":-54.97,"z":79.5625},"rot": {"x":0,"y":0,"z":-1,"w":0} },
    "3": {"pos": {"x":-93.60,"y":5.27,"z":79.5625},"rot": {"x":0,"y":0,"z":1,"w":180} },
    "4": {"pos": {"x":-93.60,"y":-54.97,"z":79.5625},"rot": {"x":0,"y":0,"z":-1,"w":0} },
    "5": {"pos": {"x":-103.60,"y":5.27,"z":79.5625},"rot": {"x":0,"y":0,"z":1,"w":180} },
    "6": {"pos": {"x":-103.60,"y":-54.97,"z":79.5625},"rot": {"x":0,"y":0,"z":-1,"w":0} },
    "7": {"pos": {"x":-88.60,"y":5.27,"z":79.5625},"rot": {"x":0,"y":0,"z":1,"w":180} },
    "8": {"pos": {"x":-88.60,"y":-54.97,"z":79.5625},"rot": {"x":0,"y":0,"z":-1,"w":0} },
    "9": {"pos": {"x":-107.60,"y":5.27,"z":79.5625},"rot": {"x":0,"y":0,"z":1,"w":180} },
    "10":{"pos": {"x":-107.60,"y":-54.97,"z":79.5625},"rot": {"x":0,"y":0,"z":-1,"w":0} },
    "11":{"pos": {"x":-83.60,"y":5.27,"z":79.5625},"rot": {"x":0,"y":0,"z":1,"w":180} },
    "12":{"pos": {"x":-83.60,"y":-54.97,"z":79.5625},"rot": {"x":0,"y":0,"z":-1,"w":0} },
    "13":{"pos": {"x":-112.60,"y":5.27,"z":79.5625},"rot": {"x":0,"y":0,"z":1,"w":180} },
    "14":{"pos": {"x":-112.60,"y":-54.97,"z":79.5625},"rot": {"x":0,"y":0,"z":-1,"w":0} },
    "15":{"pos": {"x":-78.60,"y":5.27,"z":79.5625},"rot": {"x":0,"y":0,"z":1,"w":180} },
    "16":{"pos": {"x":-78.60,"y":-54.97,"z":79.5625},"rot": {"x":0,"y":0,"z":-1,"w":0} },
    "17":{"pos": {"x":-117.60,"y":5.27,"z":79.5625},"rot": {"x":0,"y":0,"z":1,"w":180} },
    "18":{"pos": {"x":-117.60,"y":-54.97,"z":79.5625},"rot": {"x":0,"y":0,"z":-1,"w":0} }
  },
  "Free Fall": {
    "id": {"position": "position","rotation": "rotation"},
    "1": {"pos": {"x":158.563,"y":-183.406,"z":58.5164},"rot": {"x":0,"y":0,"z":1,"w":0} },
    "2": {"pos": {"x":158.563,"y":-213.421,"z":58.5164},"rot": {"x":0,"y":0,"z":-1,"w":180} },
    "3": {"pos": {"x":153.563,"y":-183.406,"z":58.5164},"rot": {"x":0,"y":0,"z":1,"w":0} },
    "4": {"pos": {"x":153.563,"y":-213.421,"z":58.5164},"rot": {"x":0,"y":0,"z":-1,"w":180} },
    "5": {"pos": {"x":163.563,"y":-183.406,"z":58.5164},"rot": {"x":0,"y":0,"z":1,"w":0} },
    "6": {"pos": {"x":163.563,"y":-213.421,"z":58.5164},"rot": {"x":0,"y":0,"z":-1,"w":180} },
    "7": {"pos": {"x":148.563,"y":-183.406,"z":58.5164},"rot": {"x":0,"y":0,"z":1,"w":0} },
    "8": {"pos": {"x":148.563,"y":-213.421,"z":58.5164},"rot": {"x":0,"y":0,"z":-1,"w":180} },
    "9": {"pos": {"x":168.563,"y":-183.406,"z":58.5164},"rot": {"x":0,"y":0,"z":1,"w":0} },
    "10":{"pos": {"x":168.563,"y":-213.21,"z":58.5164},"rot": {"x":0,"y":0,"z":-1,"w":180} },
    "11":{"pos": {"x":143.563,"y":-183.406,"z":58.5164},"rot": {"x":0,"y":0,"z":1,"w":0} },
    "12":{"pos": {"x":143.563,"y":-213.421,"z":58.5164},"rot": {"x":0,"y":0,"z":-1,"w":180} },
    "13":{"pos": {"x":173.563,"y":-183.406,"z":58.5164},"rot": {"x":0,"y":0,"z":1,"w":0} },
    "14":{"pos": {"x":173.563,"y":-213.421,"z":58.5164},"rot": {"x":0,"y":0,"z":-1,"w":180} },
    "15":{"pos": {"x":138.563,"y":-183.406,"z":58.5164},"rot": {"x":0,"y":0,"z":1,"w":0} },
    "16":{"pos": {"x":138.563,"y":-213.421,"z":58.5164},"rot": {"x":0,"y":0,"z":-1,"w":180} },
    "17":{"pos": {"x":178.563,"y":-183.406,"z":58.5164},"rot": {"x":0,"y":0,"z":1,"w":0} },
    "18":{"pos": {"x":178.563,"y":-213.421,"z":58.5164},"rot": {"x":0,"y":0,"z":-1,"w":180} }
  },
 "Oval Dirt Racing": {
    "id": {"position": "position","rotation": "rotation"},
    "1": {"pos": {"x":110.246,"y":-20.38,"z":81.2778},"rot": {"x":1,"y":0,"z":0,"w":0} },
    "2": {"pos": {"x":107.569,"y":-20.38,"z":81.8608},"rot": {"x":1,"y":0,"z":0,"w":0} },
    "3": {"pos": {"x":109.364,"y":-28.3096,"z":81.7078},"rot": {"x":1,"y":0,"z":0,"w":0} },
    "4": {"pos": {"x":106.369,"y":-28.3096,"z":81.76208},"rot": {"x":1,"y":0,"z":0,"w":0} },
    "5": {"pos": {"x":111.846,"y":-10.28,"z":80.7698},"rot": {"x":1,"y":0,"z":0,"w":0} },
    "6": {"pos": {"x":108.09,"y":-10.28,"z":81.7608},"rot": {"x":1,"y":0,"z":0,"w":0} },
    "7": {"pos": {"x":109.646,"y":-37.2902,"z":81.17538},"rot": {"x":1,"y":0,"z":0,"w":0} },
    "8": {"pos": {"x":107.369,"y":-37.2902,"z":81.708},"rot": {"x":1,"y":0,"z":0,"w":0} },
    "9": {"pos": {"x":113.522,"y":-1.28466,"z":81.675},"rot": {"x":0.11615,"y":-0.062,"z":0.77,"w":27.1174} },
    "10":{"pos": {"x":109.07,"y":-1.28466,"z":81.97},"rot": {"x":0.11615,"y":-0.062,"z":0.77,"w":27.1174} },
    "11":{"pos": {"x":111.246,"y":-46.2902,"z":81.569199},"rot": {"x":1,"y":0,"z":0,"w":0} },
    "12":{"pos": {"x":107.369,"y":-46.2902,"z":82.58508},"rot": {"x":1,"y":0,"z":0,"w":0} },
    "13":{"pos": {"x":117.117,"y":8.248,"z":80.28},"rot": {"x":0,"y":0,"z":1,"w":25} },
    "14":{"pos": {"x":113.336,"y":8.248,"z":81.7811},"rot": {"x":0,"y":0,"z":1,"w":25} },
    "15":{"pos": {"x":113.255,"y":-58.0,"z":81.799},"rot": {"x":-0.068,"y":-0.44,"z":-0.89498,"w":20} },
    "16":{"pos": {"x":109.5,"y":-58.466,"z":82.6953},"rot": {"x":0,"y":0,"z":-1,"w":15.295} },
    "17":{"pos": {"x":126.239,"y":18.3916,"z":82.1033},"rot": {"x":-0.021,"y":-0.375,"z":0.90,"w":57} },
    "18":{"pos": {"x":121.563,"y":18.3,"z":81.166},"rot": {"x":-0.20,"y":-0.375,"z":1,"w":57} }
  },
"Concrete Figure 8": {
    "id": {"position": "position","rotation": "rotation"},
    "1": {"pos": {"x":24.9441,"y":129.315,"z":79.3362},"rot": {"x":0,"y":0,"z":-1,"w":35} },
    "2": {"pos": {"x":22.0119,"y":126.735,"z":79.3362},"rot": {"x":0,"y":0,"z":-1,"w":35} },
    "3": {"pos": {"x":30.1424,"y":121.443,"z":79.3362},"rot": {"x":0,"y":0,"z":-1,"w":35} },
    "4": {"pos": {"x":27.18,"y":118.766,"z":79.3362},"rot": {"x":0,"y":0,"z":-1,"w":35} },
    "5": {"pos": {"x":19.4686,"y":135.047,"z":79.3362},"rot": {"x":0,"y":0,"z":-1,"w": 35} },
    "6": {"pos": {"x":16.2073,"y":133.419,"z":79.3362},"rot": {"x":0,"y":0,"z":-1,"w":35} },
    "7": {"pos": {"x":35.9292,"y":115.397,"z":79.3362},"rot": {"x":0,"y":0,"z":-1,"w":63} },
    "8": {"pos": {"x":34.0221,"y":111.913,"z":79.3362},"rot": {"x":0,"y":0,"z":-1,"w":63} },
    "9": {"pos": {"x":43.8482,"y":118.217,"z":79.3362},"rot": {"x":0,"y":0,"z":1,"w":118} },
    "10":{"pos": {"x":45.2817,"y":113.97,"z":79.3362},"rot": {"x":0,"y":0,"z":-1,"w":118} },
    "11":{"pos": {"x":15.8994,"y":141.552,"z":79.3362},"rot": {"x":0,"y":0,"z":-1,"w":35} },
    "12":{"pos": {"x":11.9882,"y":138.969,"z":79.3362},"rot": {"x":0,"y":0,"z":-1,"w":35} },
    "13":{"pos": {"x":47.5819,"y":126.156,"z":79.3362},"rot": {"x":0,"y":0,"z":1,"w":180} },
    "14":{"pos": {"x":51.4931,"y":125.084,"z":79.3362},"rot": {"x":0,"y":0,"z":1,"w":180} },
    "15":{"pos": {"x":4.883,"y":141.832,"z":79.3362},"rot": {"x":0,"y":0,"z":-1,"w":63} },
    "16":{"pos": {"x":9.878,"y":145.552,"z":79.3362},"rot": {"x":0,"y":0,"z":-1,"w":63} },
    "17":{"pos": {"x":47.5819,"y":135.021,"z":79.3362},"rot": {"x":0,"y":0,"z":1,"w":180} },
    "18":{"pos": {"x":51.4931,"y":135.021,"z":79.3362},"rot": {"x":0,"y":0,"z":1,"w":180} }
  },
"Mud Pit": {
    "id": {"position": "position","rotation": "rotation"},
    "1": {"pos": {"x":-52.200,"y":-25.1633,"z":79.3525},"rot": {"x":0,"y":0,"z":1,"w":90} },
    "2": {"pos": {"x":-15.126,"y":-25.1633,"z":79.3525},"rot": {"x":0,"y":0,"z":-1,"w":90} },
    "3": {"pos": {"x":-52.200,"y":-30.1633,"z":79.3525},"rot": {"x":0,"y":0,"z":1,"w":90} },
    "4": {"pos": {"x":-15.126,"y":-30.1633,"z":79.3525},"rot": {"x":0,"y":0,"z":-1,"w":90} },
    "5": {"pos": {"x":-52.200,"y":-20.1633,"z":79.3525},"rot": {"x":0,"y":0,"z":1,"w":90} },
    "6": {"pos": {"x":-15.126,"y":-20.1633,"z":79.3525},"rot": {"x":0,"y":0,"z":-1,"w":90} },
    "7": {"pos": {"x":-52.200,"y":-35.1633,"z":79.3525},"rot": {"x":0,"y":0,"z":1,"w":90} },
    "8": {"pos": {"x":-15.126,"y":-35.1633,"z":79.3525},"rot": {"x":0,"y":0,"z":-1,"w":90} },
    "9": {"pos": {"x":-52.200,"y":-15.1633,"z":79.3525},"rot": {"x":0,"y":0,"z":1,"w":90} },
    "10":{"pos": {"x":-15.126,"y":-15.1633,"z":79.3525},"rot": {"x":0,"y":0,"z":-1,"w":90} },
    "11":{"pos": {"x":-52.200,"y":-40.1633,"z":79.3525},"rot": {"x":0,"y":0,"z":1,"w":90} },
    "12":{"pos": {"x":-15.126,"y":-40.1633,"z":79.3525},"rot": {"x":0,"y":0,"z":-1,"w":90} },
    "13":{"pos": {"x":-52.200,"y":-10.1633,"z":79.3525},"rot": {"x":0,"y":0,"z":1,"w":90} },
    "14":{"pos": {"x":-15.126,"y":-10.1633,"z":79.3525},"rot": {"x":0,"y":0,"z":-1,"w":90} },
    "15":{"pos": {"x":-52.200,"y":-45.1633,"z":79.3525},"rot": {"x":0,"y":0,"z":1,"w":90} },
    "16":{"pos": {"x":-15.126,"y":-45.1633,"z":79.3525},"rot": {"x":0,"y":0,"z":-1,"w":90} },
    "17":{"pos": {"x":-52.200,"y":-5.1633,"z":79.3525},"rot": {"x":0,"y":0,"z":1,"w":90} },
    "18":{"pos": {"x":-15.126,"y":-5.1633,"z":79.3525},"rot": {"x":0,"y":0,"z":-1,"w":90} }
  },
"Oval Dirt": {
    "id": {"position": "position","rotation": "rotation"},
	"1": {"pos": {"x":130.60,"y":-25.6,"z":78.7887},"rot": {"x":0,"y":0,"z":1,"w":90} },
    "2": {"pos": {"x":170.2,"y":-25.6,"z":78.7887},"rot": {"x":0,"y":0,"z":-1,"w":90} },
    "3": {"pos": {"x":130.60,"y":-20.6,"z":78.7887},"rot": {"x":0,"y":0,"z":1,"w":90} },
    "4": {"pos": {"x":170.2,"y":-20.6,"z":78.7887},"rot": {"x":0,"y":0,"z":-1,"w":90} },
    "5": {"pos": {"x":130.60,"y":-30.6,"z":78.7887},"rot": {"x":0,"y":0,"z":1,"w":90} },
    "6": {"pos": {"x":170.2,"y":-30.6,"z":78.7887},"rot": {"x":0,"y":0,"z":-1,"w":90} },
    "7": {"pos": {"x":130.60,"y":-15.6,"z":78.7887},"rot": {"x":0,"y":0,"z":1,"w":90} },
    "8": {"pos": {"x":170.2,"y":-15.6,"z":78.7887},"rot": {"x":0,"y":0,"z":-1,"w":90} },
    "9": {"pos": {"x":130.60,"y":-35.6,"z":78.7887},"rot": {"x":0,"y":0,"z":1,"w":90} },
    "10":{"pos": {"x":170.2,"y":-35.6,"z":78.7887},"rot": {"x":0,"y":0,"z":-1,"w":90} },
    "11":{"pos": {"x":130.60,"y":-10.6,"z":78.7887},"rot": {"x":0,"y":0,"z":1,"w":90} },
    "12":{"pos": {"x":170.2,"y":-10.6,"z":78.7887},"rot": {"x":0,"y":0,"z":-1,"w":90} },
    "13":{"pos": {"x":130.60,"y":-35.6,"z":78.7887},"rot": {"x":0,"y":0,"z":1,"w":90} },
    "14":{"pos": {"x":170.2,"y":-35.6,"z":78.7887},"rot": {"x":0,"y":0,"z":-1,"w":90} },
    "15":{"pos": {"x":130.60,"y":-5.6,"z":78.7887},"rot": {"x":0,"y":0,"z":1,"w":90} },
    "16":{"pos": {"x":170.2,"y":-5.6,"z":78.7887},"rot": {"x":0,"y":0,"z":-1,"w":90} },
    "17":{"pos": {"x":130.60,"y":-40.6,"z":78.7887},"rot": {"x":0,"y":0,"z":1,"w":90} },
    "18":{"pos": {"x":170.2,"y":-40.6,"z":78.7887},"rot": {"x":0,"y":0,"z":-1,"w":90} }
  }
}