[
  {
    "name": "Demolition Derby - The Fair Grounds 10.1.0",
    "description": "Demolition Derby Arenas and Racing with up to 17 Opponents.",
    "authors": "Bidwars",
    "difficulty": "25",
    "date": 1461428314,
    "startHTML": "gdcommon.html",
    "jsSource": ["gdcommon.js", "gdloading.js"],
	"lapCount": 10,
	 "vehicles":
    {
        "*": {"playerUsable": false},
    },
    "extensions": [ "gdvehicles", "gdclasses", "gdrace", "gdsettings" ],
    "radiusMultiplierAI": 5
  }
]
