[
  {
    "name": "Demolition Derby - The Fair Grounds",
    "description": "Demolition Derby Arenas and Racing with up to 17 Opponents.",
    "authors": "Bidwars",
    "difficulty": "25",
    "date": 1461428314,
    "whiteListActions": ["default_whitelist_scenario", "switch_next_vehicle", "switch_previous_vehicle", "loadHome", "saveHome", "recover_vehicle", "reload_vehicle", "vehicle_selector", "parts_selector", "dropPlayerAtCamera", "nodegrabberRender", "slower_motion", "faster_motion", "realtime_motion", "slow_motion"],
    "blackListActions": ["default_blacklist_scenario" ],
    "startHTML": "gdcommon.html",
    "jsSource": "gdcommon.js",
	"lapCount": 10,
	 "vehicles":
    {
        "*": {"playerUsable": true},
    },
    "extensions": [ "gdvehicles", "gdclasses", "gdrace" ],
    "radiusMultiplierAI": 5
  }
]
