[
  {
    "name": "Demolition Derby - The Fair Grounds",
    "description": "Demolition Derby Arenas and Racing with up to 17 Opponents.",
    "authors": "Bidwars",
    "difficulty": "25",
    "date": 1461428314,
    "whiteListActions": ["default_whitelist_scenario", "switch_next_vehicle", "switch_previous_vehicle", "loadHome", "saveHome", "recover_vehicle", "reload_vehicle", "vehicle_selector", "parts_selector", "dropPlayerAtCamera", "nodegrabberRender", "slower_motion", "faster_motion", "realtime_motion", "slow_motion"],
    "blackListActions": ["default_blacklist_scenario" ],
    "startHTML": "green_derby_main.html",
    "jsSource": "green_derby_main.js",
    "lapCount": 10,
    "prefabs": [ "derby_main" ],
    "extensions": [ "derby_main", "derby_util", "derby_vehicles", "derby_airace", "derby_aiderby", "derby_classes", "derby_race", "derby_wheels" ],
    "radiusMultiplierAI": 18
  }
]
