[
  {
    "name": "Demolition Derby - The Fair Grounds",
    "description": "Demolition Derby Arenas and Racing with up to 15 Opponents.",
    "authors": "Bidwars",
    "difficulty": "25",
    "date": 1461428314,
    "whiteListActions": [ "default_whitelist_scenario" ],
    "blackListActions": [ "default_blacklist_scenario" ],
    "startHTML": "green_derby_main.html",
    "jsSource": "green_derby_main.js",
    "vehicles": {
      "Hawk": {
        "playerUsable": true,
        "startFocus": true
      },
      "*": { "playerUsable": true }
    },
    "lapCount": 10,
    "prefabs": [ "derby_main", "derby_vehicles_0" ],
    "extensions": [ "derby_main", "derby_util", "derby_vehicles", "derby_airace", "derby_aiderby", "derby_classes", "derby_race", "derby_wheels" ],
    "radiusMultiplierAI": 18
  }
]
