{
  "main": {
    "opponents": {
      "name": "Opponents",
      "default": "3 Vehicles",
      "show": "true",
	   "refresh": 2,
      "tooltip": ["# of opponents", "Does not include the player vehicle"],
      "listng": [
        "1 Vehicle",
        "2 Vehicles",
        "3 Vehicles",
        "4 Vehicles",
        "5 Vehicles",
        "6 Vehicles",
        "7 Vehicles",
        "8 Vehicles",
        "9 Vehicles",
        "10 Vehicles",
        "11 Vehicles",
        "12 Vehicles",
        "13 Vehicles",
        "14 Vehicles",
        "15 Vehicles",
        "16 Vehicles",
        "17 Vehicles"
      ]
    },
    "classes": {
      "name": "Vehicle Classes",
      "default": "Large Cars",
      "show": "true",
	  "refresh": 1,
      "tooltip": [
        "Random - Compacts, Mid-Size, Large, Trucks/Pickups/Van/SUVs",
		"Pigeon/Piccolina - Pigeon, Autobello(Piccolina)",
        "Luxury/Sport Cars - ETKC, ETK800, SBR",
        "Large - Barstow, Fullsize, Moonhawk, Burnside",
        "Compact - Coupe, Hatch, Pessima, Sunburst, Miramar, Hopper, Piccolina",
        "Truck - Pickups/Van/SUV's - Pickup, Van, Roamer",
        "Heavy - Semi"
      ],
      "listng": [
        "Random",
        "Pigeon/Piccolina",
        "Luxury/Sports Cars",
        "Compact Cars",
        "Mid-Sized Cars",
        "Large Cars",
        "Truck Pickups/Vans/SUVs",
        "Heavy Semis"
      ]
    },
    "mods": {
      "name": "Mods",
      "default": "No Mods",
      "show": "true",
	  "refresh": 1,
      "tooltip": [
        "All Mods and BeamNG - Official - Includes every vehicle in the game include any mods you have installed",
        "Note: This can be combined with Random Class to allow any vehicle in BeamNG to spawn",
		"All Mods - Includes any vehicle mods installed.",
         "Note: Does not include official vehicles created by BeamNG",
        "Peter Derby - Derby Stuff Mod Pack - Includes only the vehicles created by Peter",
		"RDP NoDakSmack - The Realistic Derby Project - Includes only the vehicles configurations created by NoDakSmack",
        "No Mods - Only includes vehicles that are created by DD-Indeed and Bidwars (Default Setting)"
      ],
        "listng": [
        "All Mods and BeamNG - Official",
        "All Mods",
        "F150 Mods",
        "Peter Derby Mods",
        "RDP NoDakSmack",
        "No Mods"
      ]
    },
    "config": {
      "name": "Vehicle Config",
      "default": "Normal Config",
      "show": "true",
	  "refresh": 2,
      "tooltip": [
		"Normal Config - Loads the parts config file without making changes",
        "Stripped Config - Standard Config without doors (except drivers door), grille's, lettering, and bumpers",
        "Low-End Config - Stripped Config without drivers door, fenders, hood, and trunks"
      ],
      "listng": [
		"Normal Config",
        "Stripped Config",
        "Low-End Config"
      ]
    },
	 "config2": {
      "name": "Parts Config",
      "default": "All Config Groups",
      "show": "true",
	  "refresh": 2,
      "tooltip": [
				"All Config Groups - System will auto pick vehicles from any of the groups listed",
				"Note:  This list will change based on the mod option selected in the menu",
				"GD Stock Config - No modifications normal vehicles you would find on the street",
				"GD Pro-Derby Config - Higher end derby vehicles include roll cages, heavy bumper steel rims, v8, welded diff",
				"Removes: lights, mirrors, glass, door panels, hubcaps, trim, ext...",
				"GD Basic-Derby Config - Pro-Derby without roll cages, heavy bumpers"
		],
      "listob": [
        "All Config Groups"]
    },
    "vehicles": {
      "name": "Player Vehicle",
      "default": {
		"name": "Auto Select",
		"type": "Model"
      },
      "show": "true",
	   "refresh": 2,
      "tooltip": [
        "The vehicle for the player",
        "Auto - Model - Picks at random a vehicle from the drop-down list"
      ],
      "listg": [
        {
          "name": "Auto Select",
          "type": "Model"
        }
      ]
    }
  },
  "settings": {
    "heat": {
      "name": "Heats",
      "type": "checkbox",
      "tooltip": "Heats",
      "default": false,
      "show": "true",
	   "refresh": 2
    },
    "fire": {
      "name": "Allow Fires",
      "type": "checkbox",
      "tooltip": "If checked then fires will not automatically extinguish",
      "default": false,
      "show": "true",
	   "refresh": 2
    },
    "fuel": {
      "name": "Allow Fuel Leaks",
      "type": "checkbox",
      "tooltip": "If checked then fuel level will drop if gas tank is damaged",
      "default": false,
      "show": "true",
	   "refresh": 2
    },
    "camera": {
      "name": "Driver Camera Auto Rotation Off",
      "type": "checkbox",
      "tooltip":
        "If checked then the interior driver auto camera rotation will be turned off",
      "default": false,
      "show": "true",
	   "refresh": 2
    },
    "radiator": {
      "name": "Radiator",
      "type": "range",
      "step": 10,
      "min": 0,
      "max": 100,
      "tooltip": ["Amount of damage to the radiator before the engine will lock up","0% Engine will lock up after any damage to radiator and over heating","100% Engine will not lock up"],
      "default": 10,
      "show": "true",
	   "refresh": 2
    }
  }
}
