{
	"arenas": {
		"common": {
			"main": {
				"arena": {
					"name": "Arena",
					"default": {
						"name": "Custom",
						"type": "Derby"
					},
					"show": "true",
					"tooltip": [
						"User Created Derby Arena"
					],
					"laps": {
						"name": "Laps",
						"default": 10,
						"tooltip": [
							"# of Laps"
						]
					},
					"listg": [
						{
							"name": "Custom",
							"type": "Derby"
						}
					]
				}
			}
		},
		"derby": {
			"main": {
				"arena": {
					"name": "Arena",
					"default": {
						"name": "Grass",
						"type": "Derby"
					},
					"show": "true",
					"tooltip": [
						"Concrete Figure 8 Racing - Small narrow figure 8 track",
						"Oval Dirt Racing - Large dirt track",
						"Mud Pit Derby - Grass with mud pits arena",
						"Oval Dirt Derby - Large dirt oval arena",
						"Varied Ground Derby - Grass, mud, and concrete arena",
						"Grass Derby - Rectangle grass arena with cement walls",
						"Concrete Derby - Rectangle concrete arena with cement walls",
						"Free Fall Derby - Elevated concrete arena with drop-off's"
					],
					"laps": {
						"name": "Laps",
						"default": 10,
						"show": "true",
						"tooltip": [
							"# of Laps"
						]
					},
					"listg": [
						{
							"name": "Grass",
							"type": "Derby"
						},
						{
							"name": "Concrete",
							"type": "Derby"
						},
						{
							"name": "Free Fall",
							"type": "Derby"
						},
						{
							"name": "Varied Ground",
							"type": "Derby"
						},
						{
							"name": "Oval Dirt",
							"type": "Derby"
						},
						{
							"name": "Mud Pit",
							"type": "Derby"
						},
						{
							"name": "Oval Dirt Racing",
							"type": "Racing"
						},
						{
							"name": "Concrete Figure 8",
							"type": "Racing"
						}
					]
				}
			}
		}
	}
}
