{
  "info": {
    "face": "Roof Sign",
    "size": "-128",
    "bold": "0",
    "italic": "0",
    "charset": "",
    "unicode": "1",
    "stretchH": "80",
    "smooth": "1",
    "aa": "2",
    "padding": "0,0,0,0",
    "spacing": "5,5",
    "outline": "0"
  },
  "common": {
    "lineHeight": "115",
    "base": "93",
    "scaleW": "512",
    "scaleH": "512",
    "pages": "1",
    "packed": "0",
    "alphaChnl": "1",
    "redChnl": "0",
    "greenChnl": "0",
    "blueChnl": "0"
  },
  "pages": [
    {
      "id": "0",
      "file": "output_0.png"
    }
  ],
  "chars": {
    "count": "64",
    "char": [
      {
        "id": "45",
        "x": "0",
        "y": "0",
        "width": "61",
        "height": "115",
        "xoffset": "0",
        "yoffset": "0",
        "xadvance": "56",
        "page": "0",
        "chnl": "15"
      },
      {
        "id": "48",
        "x": "61",
        "y": "0",
        "width": "61",
        "height": "115",
        "xoffset": "0",
        "yoffset": "0",
        "xadvance": "56",
        "page": "0",
        "chnl": "15"
      },
      {
        "id": "49",
        "x": "122",
        "y": "0",
        "width": "61",
        "height": "115",
        "xoffset": "0",
        "yoffset": "0",
        "xadvance": "56",
        "page": "0",
        "chnl": "15"
      },
      {
        "id": "50",
        "x": "183",
        "y": "0",
        "width": "61",
        "height": "115",
        "xoffset": "0",
        "yoffset": "0",
        "xadvance": "56",
        "page": "0",
        "chnl": "15"
      },
      {
        "id": "51",
        "x": "244",
        "y": "0",
        "width": "61",
        "height": "115",
        "xoffset": "0",
        "yoffset": "0",
        "xadvance": "56",
        "page": "0",
        "chnl": "15"
      },
      {
        "id": "52",
        "x": "305",
        "y": "0",
        "width": "61",
        "height": "115",
        "xoffset": "0",
        "yoffset": "0",
        "xadvance": "56",
        "page": "0",
        "chnl": "15"
      },
      {
        "id": "53",
        "x": "366",
        "y": "0",
        "width": "61",
        "height": "115",
        "xoffset": "0",
        "yoffset": "0",
        "xadvance": "56",
        "page": "0",
        "chnl": "15"
      },
      {
        "id": "54",
        "x": "427",
        "y": "0",
        "width": "61",
        "height": "115",
        "xoffset": "0",
        "yoffset": "0",
        "xadvance": "56",
        "page": "0",
        "chnl": "15"
      },
      {
        "id": "55",
        "x": "488",
        "y": "0",
        "width": "61",
        "height": "115",
        "xoffset": "0",
        "yoffset": "0",
        "xadvance": "56",
        "page": "0",
        "chnl": "15"
      },
      {
        "id": "56",
        "x": "549",
        "y": "0",
        "width": "61",
        "height": "115",
        "xoffset": "0",
        "yoffset": "0",
        "xadvance": "56",
        "page": "0",
        "chnl": "15"
      },
      {
        "id": "57",
        "x": "610",
        "y": "0",
        "width": "61",
        "height": "115",
        "xoffset": "0",
        "yoffset": "0",
        "xadvance": "56",
        "page": "0",
        "chnl": "15"
      },
      {
        "id": "65",
        "x": "671",
        "y": "0",
        "width": "61",
        "height": "115",
        "xoffset": "0",
        "yoffset": "0",
        "xadvance": "56",
        "page": "0",
        "chnl": "15"
      },
      {
        "id": "66",
        "x": "732",
        "y": "0",
        "width": "61",
        "height": "115",
        "xoffset": "0",
        "yoffset": "0",
        "xadvance": "56",
        "page": "0",
        "chnl": "15"
      },
      {
        "id": "67",
        "x": "793",
        "y": "0",
        "width": "61",
        "height": "115",
        "xoffset": "0",
        "yoffset": "0",
        "xadvance": "56",
        "page": "0",
        "chnl": "15"
      },
      {
        "id": "68",
        "x": "854",
        "y": "0",
        "width": "61",
        "height": "115",
        "xoffset": "0",
        "yoffset": "0",
        "xadvance": "56",
        "page": "0",
        "chnl": "15"
      },
      {
        "id": "69",
        "x": "915",
        "y": "0",
        "width": "61",
        "height": "115",
        "xoffset": "0",
        "yoffset": "0",
        "xadvance": "56",
        "page": "0",
        "chnl": "15"
      },
      {
        "id": "70",
        "x": "0",
        "y": "115",
        "width": "61",
        "height": "115",
        "xoffset": "0",
        "yoffset": "0",
        "xadvance": "56",
        "page": "0",
        "chnl": "15"
      },
      {
        "id": "71",
        "x": "61",
        "y": "115",
        "width": "61",
        "height": "115",
        "xoffset": "0",
        "yoffset": "0",
        "xadvance": "56",
        "page": "0",
        "chnl": "15"
      },
      {
        "id": "72",
        "x": "122",
        "y": "115",
        "width": "61",
        "height": "115",
        "xoffset": "0",
        "yoffset": "0",
        "xadvance": "56",
        "page": "0",
        "chnl": "15"
      },
      {
        "id": "73",
        "x": "183",
        "y": "115",
        "width": "61",
        "height": "115",
        "xoffset": "0",
        "yoffset": "0",
        "xadvance": "56",
        "page": "0",
        "chnl": "15"
      },
      {
        "id": "74",
        "x": "244",
        "y": "115",
        "width": "61",
        "height": "115",
        "xoffset": "0",
        "yoffset": "0",
        "xadvance": "56",
        "page": "0",
        "chnl": "15"
      },
      {
        "id": "75",
        "x": "305",
        "y": "115",
        "width": "61",
        "height": "115",
        "xoffset": "0",
        "yoffset": "0",
        "xadvance": "56",
        "page": "0",
        "chnl": "15"
      },
      {
        "id": "76",
        "x": "366",
        "y": "115",
        "width": "61",
        "height": "115",
        "xoffset": "0",
        "yoffset": "0",
        "xadvance": "56",
        "page": "0",
        "chnl": "15"
      },
      {
        "id": "77",
        "x": "427",
        "y": "115",
        "width": "61",
        "height": "115",
        "xoffset": "0",
        "yoffset": "0",
        "xadvance": "56",
        "page": "0",
        "chnl": "15"
      },
      {
        "id": "78",
        "x": "488",
        "y": "115",
        "width": "61",
        "height": "115",
        "xoffset": "0",
        "yoffset": "0",
        "xadvance": "56",
        "page": "0",
        "chnl": "15"
      },
      {
        "id": "79",
        "x": "549",
        "y": "115",
        "width": "61",
        "height": "115",
        "xoffset": "0",
        "yoffset": "0",
        "xadvance": "56",
        "page": "0",
        "chnl": "15"
      },
      {
        "id": "80",
        "x": "610",
        "y": "115",
        "width": "61",
        "height": "115",
        "xoffset": "0",
        "yoffset": "0",
        "xadvance": "56",
        "page": "0",
        "chnl": "15"
      },
      {
        "id": "81",
        "x": "671",
        "y": "115",
        "width": "61",
        "height": "115",
        "xoffset": "0",
        "yoffset": "0",
        "xadvance": "56",
        "page": "0",
        "chnl": "15"
      },
      {
        "id": "82",
        "x": "732",
        "y": "115",
        "width": "61",
        "height": "115",
        "xoffset": "0",
        "yoffset": "0",
        "xadvance": "56",
        "page": "0",
        "chnl": "15"
      },
      {
        "id": "83",
        "x": "793",
        "y": "115",
        "width": "61",
        "height": "115",
        "xoffset": "0",
        "yoffset": "0",
        "xadvance": "56",
        "page": "0",
        "chnl": "15"
      },
      {
        "id": "84",
        "x": "854",
        "y": "115",
        "width": "61",
        "height": "115",
        "xoffset": "0",
        "yoffset": "0",
        "xadvance": "56",
        "page": "0",
        "chnl": "15"
      },
      {
        "id": "85",
        "x": "915",
        "y": "115",
        "width": "61",
        "height": "115",
        "xoffset": "0",
        "yoffset": "0",
        "xadvance": "56",
        "page": "0",
        "chnl": "15"
      },
      {
        "id": "86",
        "x": "0",
        "y": "230",
        "width": "61",
        "height": "115",
        "xoffset": "0",
        "yoffset": "0",
        "xadvance": "56",
        "page": "0",
        "chnl": "15"
      },
      {
        "id": "87",
        "x": "61",
        "y": "230",
        "width": "61",
        "height": "115",
        "xoffset": "0",
        "yoffset": "0",
        "xadvance": "56",
        "page": "0",
        "chnl": "15"
      },
      {
        "id": "88",
        "x": "122",
        "y": "230",
        "width": "61",
        "height": "115",
        "xoffset": "0",
        "yoffset": "0",
        "xadvance": "56",
        "page": "0",
        "chnl": "15"
      },
      {
        "id": "89",
        "x": "183",
        "y": "230",
        "width": "61",
        "height": "115",
        "xoffset": "0",
        "yoffset": "0",
        "xadvance": "56",
        "page": "0",
        "chnl": "15"
      },
      {
        "id": "90",
        "x": "244",
        "y": "230",
        "width": "61",
        "height": "115",
        "xoffset": "0",
        "yoffset": "0",
        "xadvance": "56",
        "page": "0",
        "chnl": "15"
      },
      {
        "id": "196",
        "x": "305",
        "y": "230",
        "width": "61",
        "height": "115",
        "xoffset": "0",
        "yoffset": "0",
        "xadvance": "56",
        "page": "0",
        "chnl": "15"
      },
      {
        "id": "214",
        "x": "366",
        "y": "230",
        "width": "61",
        "height": "115",
        "xoffset": "0",
        "yoffset": "0",
        "xadvance": "56",
        "page": "0",
        "chnl": "15"
      },
      {
        "id": "220",
        "x": "427",
        "y": "230",
        "width": "61",
        "height": "115",
        "xoffset": "0",
        "yoffset": "0",
        "xadvance": "56",
        "page": "0",
        "chnl": "15"
      },
      {
        "id": "42",
        "x": "490",
        "y": "230",
        "width": "50",
        "height": "115",
        "xoffset": "0",
        "yoffset": "0",
        "xadvance": "50",
        "page": "0",
        "chnl": "15"
      },
      {
        "id": "43",
        "x": "549",
        "y": "230",
        "width": "61",
        "height": "115",
        "xoffset": "0",
        "yoffset": "0",
        "xadvance": "56",
        "page": "0",
        "chnl": "15"
      },
      {
        "id": "102",
        "x": "610",
        "y": "230",
        "width": "61",
        "height": "115",
        "xoffset": "0",
        "yoffset": "0",
        "xadvance": "56",
        "page": "0",
        "chnl": "15"
      },
      {
        "id": "103",
        "x": "671",
        "y": "230",
        "width": "61",
        "height": "115",
        "xoffset": "0",
        "yoffset": "0",
        "xadvance": "56",
        "page": "0",
        "chnl": "15"
      },
      {
        "id": "104",
        "x": "732",
        "y": "230",
        "width": "61",
        "height": "115",
        "xoffset": "0",
        "yoffset": "0",
        "xadvance": "56",
        "page": "0",
        "chnl": "15"
      },
      {
        "id": "105",
        "x": "793",
        "y": "230",
        "width": "61",
        "height": "115",
        "xoffset": "0",
        "yoffset": "0",
        "xadvance": "56",
        "page": "0",
        "chnl": "15"
      },
      {
        "id": "106",
        "x": "854",
        "y": "230",
        "width": "61",
        "height": "115",
        "xoffset": "0",
        "yoffset": "0",
        "xadvance": "56",
        "page": "0",
        "chnl": "15"
      },
      {
        "id": "107",
        "x": "915",
        "y": "230",
        "width": "61",
        "height": "115",
        "xoffset": "0",
        "yoffset": "0",
        "xadvance": "56",
        "page": "0",
        "chnl": "15"
      },
      {
        "id": "108",
        "x": "0",
        "y": "360",
        "width": "61",
        "height": "115",
        "xoffset": "0",
        "yoffset": "0",
        "xadvance": "56",
        "page": "0",
        "chnl": "15"
      },
      {
        "id": "109",
        "x": "61",
        "y": "360",
        "width": "61",
        "height": "115",
        "xoffset": "0",
        "yoffset": "0",
        "xadvance": "56",
        "page": "0",
        "chnl": "15"
      },
      {
        "id": "110",
        "x": "122",
        "y": "360",
        "width": "61",
        "height": "115",
        "xoffset": "0",
        "yoffset": "0",
        "xadvance": "56",
        "page": "0",
        "chnl": "15"
      },
      {
        "id": "111",
        "x": "183",
        "y": "360",
        "width": "61",
        "height": "115",
        "xoffset": "0",
        "yoffset": "0",
        "xadvance": "56",
        "page": "0",
        "chnl": "15"
      },
      {
        "id": "112",
        "x": "244",
        "y": "360",
        "width": "61",
        "height": "115",
        "xoffset": "0",
        "yoffset": "0",
        "xadvance": "56",
        "page": "0",
        "chnl": "15"
      },
      {
        "id": "113",
        "x": "305",
        "y": "360",
        "width": "61",
        "height": "115",
        "xoffset": "0",
        "yoffset": "0",
        "xadvance": "56",
        "page": "0",
        "chnl": "15"
      },
      {
        "id": "114",
        "x": "366",
        "y": "360",
        "width": "61",
        "height": "115",
        "xoffset": "0",
        "yoffset": "0",
        "xadvance": "56",
        "page": "0",
        "chnl": "15"
      },
      {
        "id": "115",
        "x": "427",
        "y": "360",
        "width": "61",
        "height": "115",
        "xoffset": "0",
        "yoffset": "0",
        "xadvance": "56",
        "page": "0",
        "chnl": "15"
      },
      {
        "id": "116",
        "x": "488",
        "y": "360",
        "width": "61",
        "height": "115",
        "xoffset": "0",
        "yoffset": "0",
        "xadvance": "56",
        "page": "0",
        "chnl": "15"
      },
      {
        "id": "117",
        "x": "549",
        "y": "360",
        "width": "61",
        "height": "115",
        "xoffset": "0",
        "yoffset": "0",
        "xadvance": "56",
        "page": "0",
        "chnl": "15"
      },
      {
        "id": "118",
        "x": "610",
        "y": "360",
        "width": "61",
        "height": "115",
        "xoffset": "0",
        "yoffset": "0",
        "xadvance": "56",
        "page": "0",
        "chnl": "15"
      },
      {
        "id": "119",
        "x": "671",
        "y": "360",
        "width": "61",
        "height": "115",
        "xoffset": "0",
        "yoffset": "0",
        "xadvance": "56",
        "page": "0",
        "chnl": "15"
      },
      {
        "id": "120",
        "x": "732",
        "y": "360",
        "width": "61",
        "height": "115",
        "xoffset": "0",
        "yoffset": "0",
        "xadvance": "56",
        "page": "0",
        "chnl": "15"
      },
      {
        "id": "121",
        "x": "793",
        "y": "360",
        "width": "61",
        "height": "115",
        "xoffset": "0",
        "yoffset": "0",
        "xadvance": "56",
        "page": "0",
        "chnl": "15"
      },
      {
        "id": "122",
        "x": "854",
        "y": "360",
        "width": "61",
        "height": "115",
        "xoffset": "0",
        "yoffset": "0",
        "xadvance": "56",
        "page": "0",
        "chnl": "15"
      },
      {
        "id": "173",
        "x": "915",
        "y": "360",
        "width": "61",
        "height": "115",
        "xoffset": "0",
        "yoffset": "0",
        "xadvance": "56",
        "page": "0",
        "chnl": "15"
      }
    ],
    "reg": {
      "BNG": {
        "x": "640",
        "y": "232",
        "width": "40",
        "height": "40"
      },
      "NOTEX": {
        "x": "680",
        "y": "232",
        "width": "40",
        "height": "40"
      },
      "HB": {
        "x": "720",
        "y": "232",
        "width": "40",
        "height": "40"
      },
    }
  }
}