{
  "name" : "Default",
  "version" : 2,
  "data" : {
    "format": {
      "30-20": { //US
        "size": {
          "x": 512,
          "y": 512
        },
        "text": {
          "x": 0.50,
          "y": 0.30,
          "scale": 3.5,
          "color": "white",
          "limit": 3
        },
		"generator": "vehicles/common/roofsign_gd/roofsign_gd-default.html",
        "characterLayout": "vehicles/common/roofsign_gd/gdfont.json",
       "diffuse": {
          "spriteImg": "vehicles/common/roofsign_gd/gdfont_d.png",
          "backgroundImg" : "vehicles/common/roofsign_gd/roofsign_gd-default_d.png",
          "fillStyle": "black"
        },
        "bump": {
          "spriteImg" : "vehicles/common/roofsign_gd/gdfont_n.png",
		 // "backgroundImg" : "vehicles/common/roofsign_gd/roofsign_gd-default_n.png",
          "fillStyle": "rgb(0,0,255)"
        },
        "specular": {
          //"spriteImg": "vehicles/common/roofsign_gd/gdfont_s.png",
          "fillStyle": "rgb(233,233,233)"
        }
      }
    }
  }
}